{
    "KPackageStructure": "Plasma/Applet",
    "KPlugin": {
        "Authors": [
            {
                "Email": "plasma-devel@kde.org",
                "Name": "Martin Graesslin",
                "Name[ar]": "مارتن جرايسلين",
                "Name[az]": "Martin Graesslin",
                "Name[be]": "Martin Graesslin",
                "Name[bg]": "Martin Graesslin",
                "Name[ca@valencia]": "Martin Graesslin",
                "Name[ca]": "Martin Graesslin",
                "Name[cs]": "Martin Graesslin",
                "Name[da]": "Martin Graesslin",
                "Name[de]": "Martin Graesslin",
                "Name[el]": "Martin Graesslin",
                "Name[en_GB]": "Martin Graesslin",
                "Name[eo]": "Martin Graesslin",
                "Name[es]": "Martin Graesslin",
                "Name[et]": "Martin Graesslin",
                "Name[eu]": "Martin Graesslin",
                "Name[fi]": "Martin Graesslin",
                "Name[fr]": "Martin Graesslin",
                "Name[gl]": "Martin Graesslin",
                "Name[he]": "מרטין גרסלין",
                "Name[hu]": "Martin Graesslin",
                "Name[ia]": "Martin Graesslin",
                "Name[id]": "Martin Graesslin",
                "Name[ie]": "Martin Graesslin",
                "Name[is]": "Martin Graesslin",
                "Name[it]": "Martin Graesslin",
                "Name[ja]": "Martin Graesslin",
                "Name[ka]": "მარტინ გრესსლინი",
                "Name[ko]": "Martin Graesslin",
                "Name[lt]": "Martin Graesslin",
                "Name[lv]": "Martin Graesslin",
                "Name[nb]": "Martin Graesslin",
                "Name[nl]": "Martin Graesslin",
                "Name[nn]": "Martin Graesslin",
                "Name[pl]": "Martin Graesslin",
                "Name[pt]": "Martin Graesslin",
                "Name[pt_BR]": "Martin Graesslin",
                "Name[ro]": "Martin Graesslin",
                "Name[ru]": "Martin Graesslin",
                "Name[sa]": "मार्टिन् ग्रास्लिन्",
                "Name[sk]": "Martin Graesslin",
                "Name[sl]": "Martin Graesslin",
                "Name[sv]": "Martin Graesslin",
                "Name[ta]": "மார்ட்டின் கிராஸ்லின்",
                "Name[tr]": "Martin Graesslin",
                "Name[uk]": "Martin Graesslin",
                "Name[vi]": "Martin Graesslin",
                "Name[x-test]": "xxMartin Graesslinxx",
                "Name[zh_CN]": "Martin Graesslin",
                "Name[zh_TW]": "Martin Graesslin"
            },
            {
                "Email": "mikel5764@gmail.com",
                "Name": "Mikel Johnson",
                "Name[ar]": "ميكيل جونسون",
                "Name[az]": "Mikel Johnson",
                "Name[be]": "Mikel Johnson",
                "Name[bg]": "Mikel Johnson",
                "Name[ca@valencia]": "Mikel Johnson",
                "Name[ca]": "Mikel Johnson",
                "Name[cs]": "Mikel Johnson",
                "Name[da]": "Mikel Johnson",
                "Name[de]": "Mikel Johnson",
                "Name[el]": "Mikel Johnson",
                "Name[en_GB]": "Mikel Johnson",
                "Name[eo]": "Mikel Johnson",
                "Name[es]": "Mikel Johnson",
                "Name[et]": "Mikel Johnson",
                "Name[eu]": "Mikel Johnson",
                "Name[fi]": "Mikel Johnson",
                "Name[fr]": "Mikel Johnson",
                "Name[gl]": "Mikel Johnson",
                "Name[he]": "מיקל ג׳ונסון",
                "Name[hu]": "Mikel Johnson",
                "Name[ia]": "Mikel Johnson",
                "Name[id]": "Mikel Johnson",
                "Name[ie]": "Mikel Johnson",
                "Name[is]": "Mikel Johnson",
                "Name[it]": "Mikel Johnson",
                "Name[ja]": "Mikel Johnson",
                "Name[ka]": "მიკელ ჯონსონი",
                "Name[ko]": "Mikel Johnson",
                "Name[lt]": "Mikel Johnson",
                "Name[lv]": "Mikel Johnson",
                "Name[nb]": "Mikel Johnson",
                "Name[nl]": "Mikel Johnson",
                "Name[nn]": "Mikel Johnson",
                "Name[pl]": "Mikel Johnson",
                "Name[pt]": "Mikel Johnson",
                "Name[pt_BR]": "Mikel Johnson",
                "Name[ro]": "Mikel Johnson",
                "Name[ru]": "Mikel Johnson",
                "Name[sa]": "माइकेल् जॉन्सन्",
                "Name[sk]": "Mikel Johnson",
                "Name[sl]": "Mikel Johnson",
                "Name[sv]": "Mikel Johnson",
                "Name[ta]": "மிக்கேல் ஜான்ஸன்",
                "Name[tr]": "Mikel Johnson",
                "Name[uk]": "Mikel Johnson",
                "Name[vi]": "Mikel Johnson",
                "Name[x-test]": "xxMikel Johnsonxx",
                "Name[zh_CN]": "Mikel Johnson",
                "Name[zh_TW]": "Mikel Johnson"
            }
        ],
        "BugReportUrl": "https://bugs.kde.org/enter_bug.cgi?product=plasmashell&component=Application%20Launcher%20(Kickoff)",
        "Category": "Application Launchers",
        "Description": "Launcher to start applications, with submenus",
        "EnabledByDefault": true,
        "Icon": "start-here-kde",
        "Id": "pinots.submenu-kickoff",
        "License": "GPL-2.0+",
        "Name": "Kickoff with submenus",
        "Website": "https://userbase.kde.org/Plasma/Kickoff"
    },
    "X-Plasma-API-Minimum-Version": "6.0",
    "X-Plasma-Provides": [
        "org.kde.plasma.launchermenu"
    ]
}
